ts,open,high,low,close,volume,symbol,tf
2025-12-17 20:31:27.451879,100.64984752391331,101.96385999936365,99.77401983057206,100.55671415301124,913,SYN,1h
2025-12-17 21:31:27.451879,100.66986853560547,101.40706770609042,99.92419368138971,100.47801414339868,1881,SYN,1h
2025-12-17 22:31:27.451879,101.04756575895209,101.24942495882473,100.36115756482805,101.18908553280268,1598,SYN,1h
2025-12-17 23:31:27.451879,102.84880710466285,103.45593135654748,102.78747033175542,102.79093896821321,1878,SYN,1h
2025-12-18 00:31:27.451879,102.54516139253425,103.32838546254018,102.43729536172884,102.61192507909026,1409,SYN,1h
2025-12-18 01:31:27.451879,102.383341964045,102.83629962369902,101.96898362070363,102.43323979529055,687,SYN,1h
2025-12-18 02:31:27.451879,104.05066307253573,105.04434518561857,103.38731333216445,104.11233858935435,1813,SYN,1h
2025-12-18 03:31:27.451879,104.88310384171366,105.64056421443009,103.97098005488535,104.97380023617593,544,SYN,1h
2025-12-18 04:31:27.451879,104.54903205536876,105.64120337698003,104.45153535294367,104.54395941226626,582,SYN,1h
2025-12-18 05:31:27.451879,105.08650527560144,105.73682728337495,103.61992353654989,105.17389953966732,1646,SYN,1h
2025-12-18 06:31:27.451879,104.77793966756911,106.129574558987,103.55369453284997,104.74960942070351,857,SYN,1h
2025-12-18 07:31:27.451879,104.31936801740544,104.5307541036909,104.12257461467854,104.32460908853507,1589,SYN,1h
2025-12-18 08:31:27.451879,104.61462661271642,106.81117534758594,103.88954982356135,104.6396300479412,1435,SYN,1h
2025-12-18 09:31:27.451879,102.60715733732084,103.40816285714529,100.78342454773762,102.7003644561797,874,SYN,1h
2025-12-18 10:31:27.451879,100.93223935628455,102.74364608669462,100.90698814636521,100.99048777429287,661,SYN,1h
2025-12-18 11:31:27.451879,100.5591292951028,100.68209228662286,100.36088932552151,100.48322514848296,1903,SYN,1h
2025-12-18 12:31:27.451879,99.57564388722942,100.17411862095348,98.01951689974871,99.52578970855251,1881,SYN,1h
2025-12-18 13:31:27.451879,99.80060625150224,100.38165586162269,99.26809241038818,99.89826232178116,1711,SYN,1h
2025-12-18 14:31:27.451879,99.06093998048337,99.36840854207553,98.03663268040593,99.05110100626511,821,SYN,1h
2025-12-18 15:31:27.451879,97.78504856120459,98.12608875831397,95.89996524582752,97.71162930114404,949,SYN,1h
2025-12-18 16:31:27.451879,99.03675661768675,99.72103074284432,97.99107126029404,99.20236557067015,1997,SYN,1h
2025-12-18 17:31:27.451879,99.09172481770959,99.60609206154682,98.46141415028356,99.03791155903197,1536,SYN,1h
2025-12-18 18:31:27.451879,99.09850426614557,99.18836386930708,98.93962165579497,99.16421282960363,683,SYN,1h
2025-12-18 19:31:27.451879,97.8666817864245,99.90624433129247,96.87243515916103,97.81087103363876,610,SYN,1h
2025-12-18 20:31:27.451879,97.2627986448493,99.01863235770253,96.97479681932303,97.33709207164421,1007,SYN,1h
2025-12-18 21:31:27.451879,97.32748089476881,97.92889383863739,96.44189554095018,97.50346315016134,1813,SYN,1h
2025-12-18 22:31:27.451879,96.28274691419236,96.47635707228315,94.62221712480702,96.43970662942876,794,SYN,1h
2025-12-18 23:31:27.451879,96.864550022877,96.9761547341613,95.36510849730352,96.85989252011154,1974,SYN,1h
2025-12-19 00:31:27.451879,96.36125115291715,96.92727055429478,95.86529136052967,96.33623046613405,1403,SYN,1h
2025-12-19 01:31:27.451879,96.02610883456188,97.09606231975904,95.03692725285464,96.11302544135758,1738,SYN,1h
2025-12-19 02:31:27.451879,95.65341939700936,95.83840717169934,95.4576983181005,95.59237482732802,1473,SYN,1h
2025-12-19 03:31:27.451879,97.25850106303203,99.04590768496607,95.69754683785803,97.42036695720503,1131,SYN,1h
2025-12-19 04:31:27.451879,97.45922961965329,97.85477562327777,97.15069255323172,97.4656701315106,1550,SYN,1h
2025-12-19 05:31:27.451879,96.37638960638505,97.11774484904628,96.3508179641597,96.49324448862842,1232,SYN,1h
2025-12-19 06:31:27.451879,97.28138782630411,97.8151978004359,96.89117821799951,97.34484070838609,1754,SYN,1h
2025-12-19 07:31:27.451879,96.21937976104445,97.72922782665532,94.68047863180325,96.21481930644839,820,SYN,1h
2025-12-19 08:31:27.451879,96.39049883466629,97.65604503812989,95.97801789930239,96.47350592856303,1412,SYN,1h
2025-12-19 09:31:27.451879,94.60443290403045,96.02672406417513,94.13667507590908,94.64082755897874,1756,SYN,1h
2025-12-19 10:31:27.451879,93.53463439700616,93.65033492627681,92.34742840881829,93.44060578731374,936,SYN,1h
2025-12-19 11:31:27.451879,93.62657489500839,94.66154664814572,90.98986547631151,93.68061848214263,1280,SYN,1h
2025-12-19 12:31:27.451879,94.50754017131958,96.01873670990118,94.40264496561988,94.42862691265553,1926,SYN,1h
2025-12-19 13:31:27.451879,94.5401813206244,95.08142547289985,92.96971997760946,94.64710480369463,1576,SYN,1h
2025-12-19 14:31:27.451879,94.64455184257889,95.61480735878249,93.02297654241222,94.59443531554118,1836,SYN,1h
2025-12-19 15:31:27.451879,94.50240022627867,94.50240022627867,93.9350195159451,94.3663646361736,1804,SYN,1h
2025-12-19 16:31:27.451879,92.79782545834524,93.18834830740774,92.46753263014726,93.02775700229915,1225,SYN,1h
2025-12-19 17:31:27.451879,92.34027452214022,93.23054351204726,91.98070607545777,92.41391873551999,530,SYN,1h
2025-12-19 18:31:27.451879,92.09678858532801,92.64409468276484,91.12472212089904,92.04367274730222,836,SYN,1h
2025-12-19 19:31:27.451879,93.0530152508708,94.53909141143467,92.79102957872803,93.07191307339055,682,SYN,1h
2025-12-19 20:31:27.451879,93.48225101637087,94.82735938933956,92.73168494534615,93.447568337006,1546,SYN,1h
2025-12-19 21:31:27.451879,91.80063898899824,93.12381707678233,90.72910548522118,91.85611872401675,1043,SYN,1h
2025-12-19 22:31:27.451879,92.21690770202002,92.78574798289098,92.11657235532972,92.20892335094396,15752,SYN,1h
2025-12-19 23:31:27.451879,91.8948603149112,92.27294821656481,91.72197362996735,91.90916848016738,12776,SYN,1h
2025-12-20 00:31:27.451879,91.44882833613632,91.79341844567941,90.540192335084,91.34216059951495,12264,SYN,1h
2025-12-20 01:31:27.451879,91.97907967670598,92.19538857895867,91.19532074662314,91.95568423397683,1979,SYN,1h
2025-12-20 02:31:27.451879,92.99030348883767,93.47047803930172,92.74838797723598,92.95892030987741,1159,SYN,1h
2025-12-20 03:31:27.451879,93.84173643003876,94.51092633438577,93.53551938534657,93.8804036058543,659,SYN,1h
2025-12-20 04:31:27.451879,93.10345108079599,93.17267437872123,92.29787728466192,93.14887105008535,1537,SYN,1h
2025-12-20 05:31:27.451879,92.87654064201918,94.00639402165382,92.17044489807805,92.91673253546284,1701,SYN,1h
2025-12-20 06:31:27.451879,93.31707633849982,93.78735348722788,91.8878976290294,93.28028173152917,911,SYN,1h
2025-12-20 07:31:27.451879,94.20656493866895,94.59553122069654,93.99071734073034,94.24624114356604,1511,SYN,1h
2025-12-20 08:31:27.451879,93.87838089430991,94.5754335665212,93.83113172156764,93.85118518055467,552,SYN,1h
2025-12-20 09:31:27.451879,93.9277868092696,96.4032843957193,93.03286692993902,93.73325274166992,907,SYN,1h
2025-12-20 10:31:27.451879,92.83328792037724,93.8179977150981,90.5039457567696,92.75248893596036,1346,SYN,1h
2025-12-20 11:31:27.451879,91.66873310174464,93.29392269655433,90.88797150435758,91.6986290126703,1545,SYN,1h
2025-12-20 12:31:27.451879,92.60983398371307,92.8339764728465,91.81715203258166,92.4987232295873,1553,SYN,1h
2025-12-20 13:31:27.451879,93.77044614254748,94.85907525057958,93.54481737335968,93.80872717388165,1202,SYN,1h
2025-12-20 14:31:27.451879,93.60628972584426,95.01183897919027,93.60628972584426,93.7974606316951,759,SYN,1h
2025-12-20 15:31:27.451879,94.69946591335196,95.89543355502485,94.30594275968285,94.79502748290051,1728,SYN,1h
2025-12-20 16:31:27.451879,95.01662796035738,95.6399443059089,93.70725635493984,95.19471746872222,1582,SYN,1h
2025-12-20 17:31:27.451879,94.60444793877177,94.96563772535056,94.13703100981057,94.63771437147219,1994,SYN,1h
2025-12-20 18:31:27.451879,95.03826395953044,95.08110522328721,94.28167208118711,95.03651354098719,1275,SYN,1h
2025-12-20 19:31:27.451879,96.71710057211604,97.01583965527168,95.34414971914768,96.55523177886656,1989,SYN,1h
2025-12-20 20:31:27.451879,96.61014718206778,96.65276648897387,96.29505894101092,96.57857300283408,1535,SYN,1h
2025-12-20 21:31:27.451879,98.12612646422093,99.4068571316191,96.81617776277065,98.14763066200032,1813,SYN,1h
2025-12-20 22:31:27.451879,95.71462194416479,96.58808426778624,95.18922977140335,95.6353014913497,1349,SYN,1h
2025-12-20 23:31:27.451879,96.26538412445966,96.95508160019362,96.26538412445966,96.4787116102687,853,SYN,1h
2025-12-21 00:31:27.451879,96.64334594259782,98.12455919714458,95.06003098712847,96.62058072716559,1598,SYN,1h
2025-12-21 01:31:27.451879,96.46395386373779,96.80230914428839,95.26696224489949,96.38965043716485,1372,SYN,1h
2025-12-21 02:31:27.451879,96.3931954177132,97.98470457192664,95.82678729323725,96.53593211916814,1964,SYN,1h
2025-12-21 03:31:27.451879,94.78342056923836,95.4800840866171,93.90802790758164,94.67513550021883,1490,SYN,1h
2025-12-21 04:31:27.451879,94.55596194694033,94.85352574877409,94.3343799644082,94.52396592405292,1764,SYN,1h
2025-12-21 05:31:27.451879,94.87881887226705,95.24974652547891,93.82797094432237,94.91823726901363,1517,SYN,1h
2025-12-21 06:31:27.451879,96.43896542486912,96.68796455006891,95.39895064607187,96.3779791873474,1677,SYN,1h
2025-12-21 07:31:27.451879,96.15414950025598,97.92866294558773,95.87713424127321,95.93630761175783,1619,SYN,1h
2025-12-21 08:31:27.451879,95.23554746942376,95.58190266564712,94.80991900278327,95.21823048643189,793,SYN,1h
2025-12-21 09:31:27.451879,94.8211279616499,95.20526639517784,94.14054978441543,94.79759724648152,708,SYN,1h
2025-12-21 10:31:27.451879,95.67828395638351,96.70846557282641,95.55336118205499,95.72225501755439,1866,SYN,1h
2025-12-21 11:31:27.451879,96.01271108145141,96.32383929927508,95.74168323314261,96.0943763461264,1611,SYN,1h
2025-12-21 12:31:27.451879,95.7223789859462,95.89071879221467,94.85143139774615,95.64296320799417,1317,SYN,1h
2025-12-21 13:31:27.451879,96.10890539209906,96.38012454855878,96.1083902875002,96.1912531681302,889,SYN,1h
2025-12-21 14:31:27.451879,96.34924289062735,96.41133036583335,95.30942413298742,96.34234803129387,824,SYN,1h
2025-12-21 15:31:27.451879,97.28687675966871,97.36959842480537,94.48991992897164,97.33336876807952,1439,SYN,1h
2025-12-21 16:31:27.451879,96.75475825276563,97.4121160203303,96.28624669995801,96.70843686252901,1388,SYN,1h
2025-12-21 17:31:27.451879,96.48176655606159,96.49968657575927,95.57774358172385,96.44958498448162,1680,SYN,1h
2025-12-21 18:31:27.451879,96.22900600449923,96.83354959274762,93.8577983943052,96.12926804908602,1167,SYN,1h
2025-12-21 19:31:27.451879,94.73174000770709,94.85658264120498,93.82305583881174,94.7800794024871,1132,SYN,1h
2025-12-21 20:31:27.451879,95.09194062488267,95.19240639788538,94.52868574558013,95.11761048385726,1076,SYN,1h
2025-12-21 21:31:27.451879,95.32959402624914,97.3297334381994,93.45966687869448,95.42299058708721,636,SYN,1h
2025-12-21 22:31:27.451879,95.44270039775057,96.36008040924476,95.44270039775057,95.48512379469008,927,SYN,1h
2025-12-21 23:31:27.451879,95.35438274076263,95.64868639168839,94.62449816000911,95.31841905425722,1975,SYN,1h
2025-12-22 00:31:27.451879,94.09767808159941,94.9648950774424,93.85452996642069,94.02650109061082,1111,SYN,1h
2025-12-22 01:31:27.451879,93.60100364167832,96.40082524195394,92.39931295690955,93.68739891226761,1410,SYN,1h
2025-12-22 02:31:27.451879,93.50377182144591,95.37354354209522,92.81905494966618,93.42253103538629,1318,SYN,1h
2025-12-22 03:31:27.451879,92.85478387033262,92.85851699670829,91.98799345336768,92.7290768231791,640,SYN,1h
2025-12-22 04:31:27.451879,92.67345412435402,93.66172239350372,92.187965305272,92.63515551779741,1606,SYN,1h
2025-12-22 05:31:27.451879,93.23969380882092,94.0328185111478,92.17781419779143,93.06502975068923,676,SYN,1h
2025-12-22 06:31:27.451879,94.80283402251601,95.45762512996342,94.75986324513617,94.87624823865454,697,SYN,1h
2025-12-22 07:31:27.451879,94.98044168942377,96.10059249859565,93.55375703724532,95.09880686666968,1123,SYN,1h
2025-12-22 08:31:27.451879,95.23110217628847,95.99587403755453,95.09257330926253,95.40079349944747,1190,SYN,1h
2025-12-22 09:31:27.451879,95.52971517784268,97.21274929801471,95.14629951587017,95.38701198117829,1944,SYN,1h
2025-12-22 10:31:27.451879,93.6752434365082,93.79249105464379,93.34080949990339,93.61398565933831,900,SYN,1h
2025-12-22 11:31:27.451879,93.6401281101363,93.84894909408604,92.18147811139174,93.64533335517315,970,SYN,1h
2025-12-22 12:31:27.451879,93.78417261306905,94.57368077197708,92.92993794823512,93.75792333606606,717,SYN,1h
2025-12-22 13:31:27.451879,96.01547661187162,96.6001303277387,96.01547661187162,96.12366274147335,1428,SYN,1h
2025-12-22 14:31:27.451879,96.23121599899218,96.23121599899218,95.82317825559818,95.99643253408578,1131,SYN,1h
2025-12-22 15:31:27.451879,96.35595470625053,96.6951213066159,93.26715333266297,96.34350508464786,1450,SYN,1h
2025-12-22 16:31:27.451879,96.37841079528542,98.68398902643392,96.07996684175957,96.36786865208771,1405,SYN,1h
2025-12-22 17:31:27.451879,95.36862442382431,95.36862442382431,94.58300645153659,95.29945925701998,674,SYN,1h
2025-12-22 18:31:27.451879,96.49213418776709,96.63969436463204,96.03453914402286,96.44574289507287,522,SYN,1h
2025-12-22 19:31:27.451879,97.25058571924971,98.25035658803239,96.1121975548174,97.22881774025812,734,SYN,1h
2025-12-22 20:31:27.451879,97.97875506745825,99.14030349093306,97.94519730585738,98.05626604095998,1536,SYN,1h
2025-12-22 21:31:27.451879,97.26922616978081,98.37745950318899,95.82504583316968,97.22338841856791,1624,SYN,1h
2025-12-22 22:31:27.451879,98.83121998608884,99.27564565990481,97.73878802226935,98.64556661325403,1428,SYN,1h
2025-12-22 23:31:27.451879,97.45282885103167,98.4342840134532,96.67163957709138,97.32189002925662,1022,SYN,1h
2025-12-23 00:31:27.451879,98.1074784768373,99.55139301780417,96.11650173905757,97.95142357873137,1975,SYN,1h
2025-12-23 01:31:27.451879,100.10457569798285,101.30390803556911,99.07404637009681,100.15577690121991,930,SYN,1h
2025-12-23 02:31:27.451879,99.125598673564,99.52407739700458,98.77994127252248,99.2237910154372,1292,SYN,1h
2025-12-23 03:31:27.451879,98.70900535052627,99.46605506840112,97.45678563038732,98.72142321430026,1032,SYN,1h
2025-12-23 04:31:27.451879,98.88454333955447,98.94245269119064,98.811938441236,98.87903331409584,1478,SYN,1h
2025-12-23 05:31:27.451879,98.54824166609046,98.76416432976511,97.60105395843107,98.44052887432238,1816,SYN,1h
2025-12-23 06:31:27.451879,96.80898834710531,97.28474200121114,96.50305141166992,96.97311190904475,1309,SYN,1h
2025-12-23 07:31:27.451879,97.2462993721359,97.50745912665575,96.2759898745984,97.09778342647701,1412,SYN,1h
2025-12-23 08:31:27.451879,96.10938029613972,97.6757417352947,95.50595923632326,96.1245687372477,1624,SYN,1h
2025-12-23 09:31:27.451879,96.59622944822888,97.07576628972546,95.64215395866526,96.63748216001036,1827,SYN,1h
2025-12-23 10:31:27.451879,95.7099895794043,96.0408752596525,95.48621816311064,95.80695621897387,1370,SYN,1h
2025-12-23 11:31:27.451879,97.18828608966237,98.28791830229855,96.9564360715235,97.3493853695432,1039,SYN,1h
2025-12-23 12:31:27.451879,96.72485830507827,97.79487008975109,95.72222162648839,96.6453027347889,1523,SYN,1h
2025-12-23 13:31:27.451879,96.39909985698313,97.57534871433374,95.98371683974656,96.39203258910054,1878,SYN,1h
2025-12-23 14:31:27.451879,97.1086054884838,97.81490977452306,95.22855741716118,97.23403358993893,1826,SYN,1h
2025-12-23 15:31:27.451879,95.97110367385133,96.7693508253476,95.06970330858121,96.09555498720493,726,SYN,1h
2025-12-23 16:31:27.451879,96.33943103379823,96.65855848489414,96.33943103379823,96.37179120672863,1759,SYN,1h
2025-12-23 17:31:27.451879,97.8523767638931,99.03324995213187,96.30974235218997,97.68933116738361,1372,SYN,1h
2025-12-23 18:31:27.451879,96.15263827112268,96.32192501560843,96.10100796280857,96.17760514561334,1391,SYN,1h
2025-12-23 19:31:27.451879,96.26796577873945,96.53396001773082,95.97674341826549,96.41288813212502,1978,SYN,1h
2025-12-23 20:31:27.451879,96.69752778496468,96.88869368480091,95.69373557969436,96.72129637269767,1536,SYN,1h
2025-12-23 21:31:27.451879,97.5089181326962,97.55071347225787,97.11776681997654,97.53551836744256,709,SYN,1h
2025-12-23 22:31:27.451879,96.12762703143552,97.44424634460294,96.12762703143552,96.38757339065833,1240,SYN,1h
2025-12-23 23:31:27.451879,95.1674824613447,96.543184431784,94.23450449043254,95.17264984766433,896,SYN,1h
2025-12-24 00:31:27.451879,95.70439250213884,97.25286293052648,94.58985595878202,95.72649905622693,1623,SYN,1h
2025-12-24 01:31:27.451879,96.13511129786063,96.88188874513679,93.58048008262129,96.06822798608037,530,SYN,1h
2025-12-24 02:31:27.451879,96.54469041692718,97.32188320240823,95.80794068841432,96.36651296543113,11176,SYN,1h
2025-12-24 03:31:27.451879,96.86719732841314,98.84177429263167,96.44295830337009,96.75819293193379,9184,SYN,1h
2025-12-24 04:31:27.451879,96.13241234477667,96.77268276674155,95.97135163752343,96.15826821560319,6624,SYN,1h
2025-12-24 05:31:27.451879,96.33258173181494,97.71527276943367,96.0987032290633,96.43929430958927,1689,SYN,1h
2025-12-24 06:31:27.451879,97.02884414523128,98.3689338156314,96.45221094173003,96.77979491123993,1982,SYN,1h
2025-12-24 07:31:27.451879,96.15220859692657,97.11741888965653,95.86249678991081,96.14651495087523,1451,SYN,1h
2025-12-24 08:31:27.451879,97.9994450730168,98.67245415514132,97.83299150681057,97.99808002915316,1623,SYN,1h
2025-12-24 09:31:27.451879,98.5188492090498,100.7403534134492,97.22311279582735,98.52122604221026,1120,SYN,1h
2025-12-24 10:31:27.451879,97.42594673985978,98.362956857549,96.42621255305109,97.4066519665078,1696,SYN,1h
2025-12-24 11:31:27.451879,98.09046042245747,98.4232974499005,96.98634928292259,98.1046228462232,661,SYN,1h
2025-12-24 12:31:27.451879,97.15151372131214,99.6368821010942,95.92694614037676,97.20727784340315,1275,SYN,1h
2025-12-24 13:31:27.451879,97.97709675978845,100.27653289945954,97.91496231748008,98.03070572773177,1786,SYN,1h
2025-12-24 14:31:27.451879,99.22205362061946,100.60411107232379,97.11988660886287,99.22530357379968,773,SYN,1h
2025-12-24 15:31:27.451879,98.41700291752183,100.09074684151422,97.87198879786266,98.47051423418297,1526,SYN,1h
2025-12-24 16:31:27.451879,99.4073253287938,100.4954730189774,98.18801064969819,99.47823797119973,1551,SYN,1h
2025-12-24 17:31:27.451879,99.95918965393827,102.3870493119065,99.92569580961745,99.94855210678007,825,SYN,1h
2025-12-24 18:31:27.451879,100.80444907216769,102.225922941903,99.82256044103401,100.8301584654053,1439,SYN,1h
2025-12-24 19:31:27.451879,102.95781121653881,103.38291252821347,102.28427117937616,102.8031959306552,1672,SYN,1h
2025-12-24 20:31:27.451879,102.34058808874754,103.22290398168123,101.75002886455403,102.61261102252863,1039,SYN,1h
2025-12-24 21:31:27.451879,102.01197559776668,102.7703870876563,101.34362462291374,101.90075023067386,987,SYN,1h
2025-12-24 22:31:27.451879,101.18139252691084,101.82240764790744,100.8140148506755,101.05546880361376,1321,SYN,1h
2025-12-24 23:31:27.451879,100.08373738473207,100.57369278330009,99.92378680729985,100.291681176876,1961,SYN,1h
2025-12-25 00:31:27.451879,100.24016674770358,100.37901675180473,99.88169594393004,100.27452958499461,1588,SYN,1h
2025-12-25 01:31:27.451879,100.63938736925891,100.7397995881115,99.7481299423152,100.67678284066292,855,SYN,1h
2025-12-25 02:31:27.451879,100.8735714528281,101.77737530710999,99.38396840027038,101.01575230554889,1775,SYN,1h
2025-12-25 03:31:27.451879,101.83267832574194,102.19798857485996,101.58346407269097,101.91194713889145,734,SYN,1h
2025-12-25 04:31:27.451879,101.87308121726315,103.71292956199565,100.74500930268253,101.98634478835244,726,SYN,1h
2025-12-25 05:31:27.451879,103.7113553296731,103.7113553296731,101.95492523133213,103.52994287077131,1836,SYN,1h
2025-12-25 06:31:27.451879,103.41473424625735,104.33945493896043,102.28662629785136,103.31806176823892,548,SYN,1h
2025-12-25 07:31:27.451879,106.32550570922392,107.36238544348517,105.73213898894669,106.19047866503752,617,SYN,1h
2025-12-25 08:31:27.451879,106.99575226472712,107.1109323973692,106.48692957519224,106.91859210367905,553,SYN,1h
2025-12-25 09:31:27.451879,105.94652814342429,107.54272754449913,105.94652814342429,106.06628246751066,1064,SYN,1h
2025-12-25 10:31:27.451879,104.93899485942144,105.95824432191371,104.04523304358652,104.9940663750743,1567,SYN,1h
2025-12-25 11:31:27.451879,105.61529037802312,107.22150767265683,105.22122479005127,105.5636302228012,552,SYN,1h
2025-12-25 12:31:27.451879,105.26227161145921,106.43405268411763,104.14847028587133,105.39107297254793,1057,SYN,1h
2025-12-25 13:31:27.451879,106.28252568004187,107.20596337591374,104.94540412061185,106.20680039808441,1625,SYN,1h
2025-12-25 14:31:27.451879,106.74747472147699,107.82216760889686,106.27704856350286,106.7731350176627,1367,SYN,1h
2025-12-25 15:31:27.451879,106.7194215269709,106.99925427209902,106.5446802689763,106.75943718543029,897,SYN,1h
2025-12-25 16:31:27.451879,105.99476513657903,106.50207285673709,105.61940365460933,105.91946064021013,1661,SYN,1h
2025-12-25 17:31:27.451879,104.42486584221243,105.38923766837274,104.10825319344637,104.3784943066838,1174,SYN,1h
2025-12-25 18:31:27.451879,103.93752434220607,104.08462006078132,103.36504061187289,103.97505581944604,886,SYN,1h
2025-12-25 19:31:27.451879,105.04952799815288,106.32764667422846,104.42957562904552,104.92788197737262,610,SYN,1h
2025-12-25 20:31:27.451879,105.10173813783744,105.84821460733265,104.29874308012057,105.21548273772092,1113,SYN,1h
2025-12-25 21:31:27.451879,104.03193949048577,104.30037252545846,102.56851512336137,103.96790195769074,516,SYN,1h
2025-12-25 22:31:27.451879,104.27214255500809,105.87039938467193,104.07863469050048,104.21033527406374,1705,SYN,1h
2025-12-25 23:31:27.451879,104.64200042008378,105.13546630647144,102.64483967337893,104.67440200851283,1383,SYN,1h
2025-12-26 00:31:27.451879,103.84589069621356,103.84589069621356,102.77356986731623,103.81203416376663,1040,SYN,1h
2025-12-26 01:31:27.451879,103.90374831088604,104.60868342660937,103.32882197452643,104.03390654376734,670,SYN,1h
2025-12-26 02:31:27.451879,104.2531274662093,104.39010567562846,103.6216132901916,104.15688369144203,908,SYN,1h
2025-12-26 03:31:27.451879,103.00984531501001,104.43435439705162,102.84387445132622,103.02889557791772,1239,SYN,1h
2025-12-26 04:31:27.451879,103.4052567038642,103.58889372170184,103.09657770413203,103.45933728114869,1901,SYN,1h
2025-12-26 05:31:27.451879,104.21080037358068,104.54861486329574,103.59234522406314,104.10159683807319,1711,SYN,1h
2025-12-26 06:31:27.451879,105.21737000906236,105.42030034874544,104.62322348030136,105.29153143489611,1357,SYN,1h
2025-12-26 07:31:27.451879,106.314319867949,107.04268895682937,105.28283682924287,106.46427067263697,729,SYN,1h
2025-12-26 08:31:27.451879,104.89788191319231,105.11275667561605,104.63086227505752,105.06142359016472,618,SYN,1h
2025-12-26 09:31:27.451879,104.20227747879642,104.20227747879642,103.88792439208572,104.13916810659896,1679,SYN,1h
2025-12-26 10:31:27.451879,104.60389543420145,105.47325713961656,104.03356477305765,104.73800505018961,1283,SYN,1h
2025-12-26 11:31:27.451879,105.52382523242389,106.03727005356099,103.33766081384665,105.3389770084333,964,SYN,1h
2025-12-26 12:31:27.451879,105.72415691708281,107.43071267559684,105.72415691708281,105.94472635849877,603,SYN,1h
2025-12-26 13:31:27.451879,110.27682201114159,112.01616909875514,109.01719914264484,110.09005902941571,1197,SYN,1h
2025-12-26 14:31:27.451879,110.80798425217338,112.16261575907205,109.55813179900734,110.78460676504879,674,SYN,1h
2025-12-26 15:31:27.451879,112.0982670372962,112.88591930477908,111.9741512072772,112.10910945814092,1244,SYN,1h
2025-12-26 16:31:27.451879,113.18418795386619,114.05946456287377,110.78543867136177,113.24589780508299,1944,SYN,1h
2025-12-26 17:31:27.451879,114.09704129474629,115.07219406225738,113.08502191758774,114.05151921453106,1657,SYN,1h
2025-12-26 18:31:27.451879,113.75609942485355,114.09591664001533,113.15138938025882,113.76038076293129,1914,SYN,1h
2025-12-26 19:31:27.451879,114.8185832136839,116.12310414434087,114.58820879518478,114.69204326649565,1164,SYN,1h
2025-12-26 20:31:27.451879,113.88749707819768,114.64142347296276,113.4964485564706,113.87448946302372,532,SYN,1h
2025-12-26 21:31:27.451879,113.69022345022188,113.99027959685426,113.45659121310031,113.67313817732293,554,SYN,1h
2025-12-26 22:31:27.451879,113.14845695786653,114.13514018968866,112.3865883099127,113.18961408384318,1018,SYN,1h
2025-12-26 23:31:27.451879,113.34374607681163,115.78173172009234,112.85657619887648,113.35020087469934,1255,SYN,1h
2025-12-27 00:31:27.451879,116.07759902638942,117.41999267582533,115.44646350972081,116.04188113011202,511,SYN,1h
2025-12-27 01:31:27.451879,113.74983198497645,114.29772087190217,113.64895692930104,113.94469660361881,1219,SYN,1h
2025-12-27 02:31:27.451879,114.64025554022814,115.52256481388991,113.94690287032456,114.79502051341464,1054,SYN,1h
2025-12-27 03:31:27.451879,113.09657820346219,113.48022504665782,112.31713734033818,113.01258001056745,872,SYN,1h
2025-12-27 04:31:27.451879,112.56627558133799,112.75558096630532,111.494236562521,112.54704518115312,983,SYN,1h
2025-12-27 05:31:27.451879,113.81921043707963,113.98794321459671,112.60387140290827,113.84015512863111,1472,SYN,1h
2025-12-27 06:31:27.451879,113.98373682500635,114.03157272754719,113.37073579369412,113.98163569516326,1751,SYN,1h
2025-12-27 07:31:27.451879,112.86080827196508,112.9874435508651,111.90992986525086,112.82159355007732,1122,SYN,1h
2025-12-27 08:31:27.451879,112.02177197276391,113.16260705167821,111.67060550638865,112.08226946269745,806,SYN,1h
2025-12-27 09:31:27.451879,112.82334806275848,115.40715605775623,110.83571165317811,112.91122740459846,956,SYN,1h
2025-12-27 10:31:27.451879,112.17627310171798,112.77955926743348,111.90368148599612,112.15430821261579,659,SYN,1h
2025-12-27 11:31:27.451879,112.35433635473102,114.00490870099195,112.0715115026772,112.46436843125582,830,SYN,1h
2025-12-27 12:31:27.451879,112.62906149471333,112.68248980025793,112.56123594009684,112.58309913424489,1275,SYN,1h
2025-12-27 13:31:27.451879,111.7265089819199,114.80419190159111,111.57774723766485,111.9170571284213,724,SYN,1h
2025-12-27 14:31:27.451879,114.50136506855709,115.30291877073826,113.4686437766756,114.38364649394998,1482,SYN,1h
2025-12-27 15:31:27.451879,115.23180891349845,117.06526810763111,113.31575222251809,115.1773763753925,1228,SYN,1h
2025-12-27 16:31:27.451879,112.94288603750007,114.808335408381,111.72422198077626,112.91397670204472,1979,SYN,1h
2025-12-27 17:31:27.451879,113.30349108106208,113.81887710080174,111.98358783093595,113.19225806960465,1568,SYN,1h
2025-12-27 18:31:27.451879,112.69846671380107,113.15125140233428,111.4418810236942,112.51108238137606,1737,SYN,1h
2025-12-27 19:31:27.451879,113.65284021708044,115.38651460294507,111.59548041927927,113.53767100236378,1582,SYN,1h
2025-12-27 20:31:27.451879,112.49850647464542,113.13328366749685,112.49850647464542,112.70598401633798,1143,SYN,1h
2025-12-27 21:31:27.451879,112.5001557289027,112.87361442822588,112.45412473523535,112.64429277136718,1115,SYN,1h
2025-12-27 22:31:27.451879,113.20993879848692,113.93965101586153,113.20136310218619,113.28071869602292,694,SYN,1h
2025-12-27 23:31:27.451879,114.33240380800414,115.48958632641315,113.00105209918438,114.32942083334461,988,SYN,1h
2025-12-28 00:31:27.451879,113.08423534227077,113.75957721804606,111.97757893772138,113.0257265553743,656,SYN,1h
2025-12-28 01:31:27.451879,112.63366698449686,114.09503955772152,112.44679082103636,112.71546953916159,1109,SYN,1h
2025-12-28 02:31:27.451879,112.26872613468119,112.28601991368305,111.15312446901027,112.24776198335577,1749,SYN,1h
2025-12-28 03:31:27.451879,111.49747623911665,112.44091290597123,111.0226334884945,111.58176319859876,911,SYN,1h
2025-12-28 04:31:27.451879,113.54915740687241,113.88426159329168,113.40323717707692,113.61863722628797,1728,SYN,1h
2025-12-28 05:31:27.451879,113.98637704543685,115.92295042775062,113.0042795958495,114.14694310963331,1602,SYN,1h
2025-12-28 06:31:27.451879,112.67205207522755,113.1493248412433,109.7275689179851,112.77617078546578,13176,SYN,1h
2025-12-28 07:31:27.451879,113.72503759961594,114.82818020808759,113.10700863996685,113.87896604492236,7760,SYN,1h
2025-12-28 08:31:27.451879,116.25042646098538,118.68397316294617,115.60287444310848,116.36398295956553,13928,SYN,1h
2025-12-28 09:31:27.451879,117.7591644327358,118.07524131450054,115.48175003098879,117.63521904919246,1015,SYN,1h
2025-12-28 10:31:27.451879,115.80843311120748,117.34158130208492,115.32590767927806,115.91848599300431,1627,SYN,1h
2025-12-28 11:31:27.451879,115.73056750693587,116.82296923369208,113.841151272162,115.42672027867131,892,SYN,1h
2025-12-28 12:31:27.451879,117.01602793718318,118.91454303588014,116.79757281145987,116.95833029918946,1130,SYN,1h
2025-12-28 13:31:27.451879,116.22230501675955,116.68773046012215,115.09357880311413,116.20082690634403,1107,SYN,1h
2025-12-28 14:31:27.451879,116.68602484513745,117.60962629206088,114.90334962056377,116.78626924796478,1479,SYN,1h
2025-12-28 15:31:27.451879,117.84347641760388,117.84347641760388,116.21255071620503,117.76100722083798,933,SYN,1h
2025-12-28 16:31:27.451879,116.67290114753352,117.3918925681159,114.8256049149351,116.74010116560328,1854,SYN,1h
2025-12-28 17:31:27.451879,116.7548987711274,116.8293844573888,115.87429076943478,116.7406552654169,1666,SYN,1h
2025-12-28 18:31:27.451879,113.31618114866032,113.63576170846588,112.94156268140698,113.02682292687558,1039,SYN,1h
2025-12-28 19:31:27.451879,111.92605357679548,112.96737883093556,110.1436168486793,111.936806215176,777,SYN,1h
2025-12-28 20:31:27.451879,111.84964983113527,111.91046360901264,111.44634748531931,111.7212515767189,732,SYN,1h
2025-12-28 21:31:27.451879,110.31661870901749,111.95490478992774,109.46334962455704,110.39424533981,1613,SYN,1h
2025-12-28 22:31:27.451879,112.2586421289664,112.38743526184064,109.82541393835758,112.26257002683096,1722,SYN,1h
2025-12-28 23:31:27.451879,110.92048496580517,111.72526054297484,110.52966556762543,110.72441410293132,861,SYN,1h
2025-12-29 00:31:27.451879,110.23445534058165,111.11492816625105,110.16771271957636,110.3036120717056,1964,SYN,1h
2025-12-29 01:31:27.451879,110.71430676862215,111.88006190170827,109.90453723757504,110.5140058181386,525,SYN,1h
2025-12-29 02:31:27.451879,112.25251381312086,113.39727971279281,112.12421284233318,112.17312306816328,1548,SYN,1h
2025-12-29 03:31:27.451879,110.56754995091555,111.30366365986363,108.75454436302547,110.62977552407247,1917,SYN,1h
2025-12-29 04:31:27.451879,112.05377772718442,113.20616299101201,111.28569765892108,111.98295883737333,1006,SYN,1h
2025-12-29 05:31:27.451879,112.17059391257783,112.41618029343567,111.84352765375847,112.06160789718511,1824,SYN,1h
2025-12-29 06:31:27.451879,111.09798939341577,112.37584013056471,110.20459318694198,111.0289504859091,1862,SYN,1h
2025-12-29 07:31:27.451879,111.4333858538582,111.76680480882874,110.13537736764899,111.60863649383408,766,SYN,1h
2025-12-29 08:31:27.451879,111.81640445968226,114.49304751007914,111.21321352063008,111.8977694877687,960,SYN,1h
2025-12-29 09:31:27.451879,111.26573169130407,111.73101517160272,111.25205938601465,111.29327885183153,955,SYN,1h
2025-12-29 10:31:27.451879,111.4294451551269,111.65175504304996,110.95933515211475,111.43773984823497,1883,SYN,1h
2025-12-29 11:31:27.451879,111.14415901684664,111.41856951412072,110.30610961748071,111.07521772847322,1591,SYN,1h
2025-12-29 12:31:27.451879,111.28772492403829,111.41654072800559,109.70317185006516,111.2679524975077,1506,SYN,1h
2025-12-29 13:31:27.451879,111.9217985315175,112.24232767368021,111.9217985315175,112.07145251340371,1362,SYN,1h
2025-12-29 14:31:27.451879,113.95947814993883,114.72281773386382,112.20204768666834,113.9161674678727,1935,SYN,1h
2025-12-29 15:31:27.451879,112.64318154328387,113.65144751703482,111.71881640749605,112.57444519176654,990,SYN,1h
2025-12-29 16:31:27.451879,115.10764045320091,115.9474680903037,114.94839898304687,115.0432403461561,1572,SYN,1h
2025-12-29 17:31:27.451879,112.98850519209842,114.36903755555768,111.22143355878909,112.86652123139113,1063,SYN,1h
2025-12-29 18:31:27.451879,112.85696209030873,114.83348550448588,112.41425338305957,112.76292658761555,1625,SYN,1h
2025-12-29 19:31:27.451879,113.54610222164027,114.07052765904535,112.64033574219135,113.49398804321864,715,SYN,1h
2025-12-29 20:31:27.451879,113.8730027718968,115.1375181638069,113.51751420994754,113.88099331281421,1961,SYN,1h
2025-12-29 21:31:27.451879,113.05209798603941,115.67812281156874,111.72225693852614,113.24018551027608,1058,SYN,1h
2025-12-29 22:31:27.451879,113.1210295844785,113.51182695372259,110.952148116048,113.0724515991895,658,SYN,1h
2025-12-29 23:31:27.451879,112.6062288979951,115.38953665503065,112.45334719242582,112.58284682692337,988,SYN,1h
2025-12-30 00:31:27.451879,112.01728617818414,112.01728617818414,111.80754520319317,111.98687291345715,1185,SYN,1h
2025-12-30 01:31:27.451879,112.86122823664886,113.95304861587667,112.24685659501999,113.00550785786623,1765,SYN,1h
2025-12-30 02:31:27.451879,113.35408353385473,113.56961562906541,113.2348297030433,113.47675832562697,1293,SYN,1h
2025-12-30 03:31:27.451879,112.87730502565856,112.87730502565856,111.91064329606675,112.75855303379333,504,SYN,1h
2025-12-30 04:31:27.451879,113.83608098643197,114.88686600359406,113.47737110470942,113.84058396824597,860,SYN,1h
2025-12-30 05:31:27.451879,114.33658728500885,114.59038386607436,113.34919093376551,114.25871988772447,958,SYN,1h
2025-12-30 06:31:27.451879,115.25930483501428,115.56422676615503,114.01587774257965,115.25604097109475,747,SYN,1h
2025-12-30 07:31:27.451879,116.05433309786076,116.4242130063091,116.02614751589175,116.0508798716907,1445,SYN,1h
2025-12-30 08:31:27.451879,115.2665057082266,115.92781703572442,112.96907258652477,115.15845439534623,921,SYN,1h
2025-12-30 09:31:27.451879,114.52332396912955,115.71916010552643,114.51294699140989,114.58245364027684,514,SYN,1h
2025-12-30 10:31:27.451879,115.51857312891133,115.7095620503919,114.68920772407452,115.50747046110811,1235,SYN,1h
2025-12-30 11:31:27.451879,116.22804399560086,117.16059225868204,114.52162388213016,116.28179819743372,1645,SYN,1h
2025-12-30 12:31:27.451879,116.2767187703232,116.95136974125228,114.22971950211127,116.32726252703873,776,SYN,1h
2025-12-30 13:31:27.451879,116.49751369492621,117.58055918621997,114.68749288348721,116.53354261775266,952,SYN,1h
2025-12-30 14:31:27.451879,118.11860321292019,118.12565070605584,117.77691471365925,118.09237090916898,1913,SYN,1h
2025-12-30 15:31:27.451879,117.40838962539235,117.47533724828936,116.86705370887768,117.46462565301795,1817,SYN,1h
2025-12-30 16:31:27.451879,118.32615275302838,119.46103726967387,116.30913471924133,118.1777503191586,1097,SYN,1h
2025-12-30 17:31:27.451879,117.90413789287832,118.56990025053572,116.95347812040241,118.00971024139308,945,SYN,1h
2025-12-30 18:31:27.451879,117.80161321469285,117.8531187819095,117.25447103878618,117.8236311103595,709,SYN,1h
2025-12-30 19:31:27.451879,119.13653299332496,120.16363109084567,119.01398303287738,119.18894407383713,1213,SYN,1h
2025-12-30 20:31:27.451879,120.41825325936883,121.91590728498306,118.30565966700439,120.24426247085307,801,SYN,1h
2025-12-30 21:31:27.451879,121.31844872478047,121.97120151301928,120.20678996048264,121.29460769027386,1746,SYN,1h
2025-12-30 22:31:27.451879,123.0777260258673,123.0777260258673,122.62069911193781,122.95085985250553,502,SYN,1h
2025-12-30 23:31:27.451879,122.86765589281266,124.66467522208134,121.95383868603764,123.05045477230658,1489,SYN,1h
2025-12-31 00:31:27.451879,123.99653574496244,125.28378272143732,121.29596707143226,123.96343127768168,1616,SYN,1h
2025-12-31 01:31:27.451879,123.76319770645817,124.03061210862576,122.76393598410823,123.65319201886106,1019,SYN,1h
2025-12-31 02:31:27.451879,124.13843974199045,124.8848026600253,123.86615375641894,124.12822597637545,1951,SYN,1h
2025-12-31 03:31:27.451879,124.1733220675823,124.27308001790436,122.8166497239355,124.0411586473432,992,SYN,1h
2025-12-31 04:31:27.451879,124.17163246609131,124.30627780441006,124.07282998925201,124.23589826134975,1758,SYN,1h
2025-12-31 05:31:27.451879,125.2260771466767,125.71221841067069,124.95373532141721,125.04983847692364,1119,SYN,1h
2025-12-31 06:31:27.451879,124.38698186742197,124.38698186742197,123.82263467558525,124.10168473724154,1684,SYN,1h
2025-12-31 07:31:27.451879,126.72683553598787,127.38958552786731,125.94880691819934,126.77283360843721,830,SYN,1h
2025-12-31 08:31:27.451879,125.51759723853769,125.65450337291895,125.36175492456063,125.57354056748171,832,SYN,1h
2025-12-31 09:31:27.451879,124.30458522538082,126.57621683822812,123.57562983184359,124.12418506157745,549,SYN,1h
2025-12-31 10:31:27.451879,125.83460662779568,126.81630013021287,124.26621977860482,125.63615525645588,1362,SYN,1h
2025-12-31 11:31:27.451879,126.63990193907975,126.88871931757986,124.91841340196565,126.70615152090446,771,SYN,1h
2025-12-31 12:31:27.451879,127.51936893123728,129.11621696554485,127.44720160109584,127.5729734128831,1079,SYN,1h
2025-12-31 13:31:27.451879,128.4149206988564,129.22173139676863,128.4149206988564,128.4511162464056,1775,SYN,1h
2025-12-31 14:31:27.451879,128.33967716285323,130.4796612865471,127.60231205207255,128.51245579972743,1059,SYN,1h
2025-12-31 15:31:27.451879,127.31940987556085,128.9896268447075,127.13927721799246,127.43647964564042,1195,SYN,1h
2025-12-31 16:31:27.451879,127.48140624824917,127.88191766850902,126.39325087971999,127.60954419380082,1613,SYN,1h
2025-12-31 17:31:27.451879,126.72461333402214,128.71255545348995,126.45785037548819,126.82198694680156,945,SYN,1h
2025-12-31 18:31:27.451879,128.13030202075254,128.32524102920615,127.35000128339101,128.13474636000038,1516,SYN,1h
2025-12-31 19:31:27.451879,128.05318052354207,128.4547438371865,127.5603872398313,128.02319560502497,1855,SYN,1h
2025-12-31 20:31:27.451879,127.24016214715247,127.82246789139859,125.5901554684917,127.04318163142429,1662,SYN,1h
2025-12-31 21:31:27.451879,126.58460619443532,127.09437143521136,126.57355153501791,126.71110874185425,856,SYN,1h
2025-12-31 22:31:27.451879,127.43567987540803,127.80455475735975,127.26806020863368,127.31036543115589,773,SYN,1h
2025-12-31 23:31:27.451879,126.64196609392776,126.88493650940035,126.40545217071873,126.66907186221468,1542,SYN,1h
2026-01-01 00:31:27.451879,125.69735659650168,125.90542159528059,125.54199811533198,125.70357436160617,810,SYN,1h
2026-01-01 01:31:27.451879,126.17040487297058,126.17040487297058,123.7125846496202,126.08532004133062,1369,SYN,1h
2026-01-01 02:31:27.451879,126.32784764621303,127.02243311448841,125.77586661599607,126.46983811853212,1385,SYN,1h
2026-01-01 03:31:27.451879,125.95273695039036,127.40366811649427,125.78769381621892,125.90458980815842,653,SYN,1h
2026-01-01 04:31:27.451879,125.40794467081656,126.5776918592898,125.1866344634425,125.38707371551526,1913,SYN,1h
2026-01-01 05:31:27.451879,125.81519394083928,127.62057428654727,124.46093152615182,125.75326658575598,1783,SYN,1h
2026-01-01 06:31:27.451879,124.0435643232997,127.17476417494241,122.43812993557559,124.00770518335773,1119,SYN,1h
2026-01-01 07:31:27.451879,122.63711970883034,123.47976285781931,121.2770961521873,122.33674627857631,1382,SYN,1h
2026-01-01 08:31:27.451879,121.45372171941682,123.1924114966,120.35303381078732,121.53122704223678,1296,SYN,1h
2026-01-01 09:31:27.451879,121.28030714801066,121.61748183031547,120.82636294462124,121.34474083590001,624,SYN,1h
2026-01-01 10:31:27.451879,121.71892237332312,123.21995468662192,121.00774628642152,121.79481766011565,15016,SYN,1h
2026-01-01 11:31:27.451879,123.59610899704558,125.89321750456368,121.46936726537429,123.66480196498262,14368,SYN,1h
2026-01-01 12:31:27.451879,124.72007824694823,125.4753673691985,123.30996964371663,124.79962392072801,8944,SYN,1h
2026-01-01 13:31:27.451879,124.82314152949823,125.62137695581035,123.52894645509333,124.67490101118175,744,SYN,1h
2026-01-01 14:31:27.451879,124.90317132271227,125.44505586148468,123.47801123628781,124.72599751340971,1347,SYN,1h
2026-01-01 15:31:27.451879,123.47990241813737,126.75166195337704,122.72186428757738,123.55041836150839,949,SYN,1h
2026-01-01 16:31:27.451879,123.49879501206118,124.27684284622413,121.88056511314566,123.60167555555486,1429,SYN,1h
2026-01-01 17:31:27.451879,123.37718416494918,123.80221862248656,123.01069466106928,123.31904964654703,1770,SYN,1h
2026-01-01 18:31:27.451879,123.72265428707414,125.62177417308193,123.43363776538487,123.79101453797692,1019,SYN,1h
2026-01-01 19:31:27.451879,122.91900170575522,123.06649318943704,122.52146896424995,122.84125156910422,1664,SYN,1h
2026-01-01 20:31:27.451879,123.57799981152067,123.57799981152067,123.3869856953683,123.55292807812003,861,SYN,1h
2026-01-01 21:31:27.451879,125.3305462223446,126.24793498750212,124.50307058131018,125.52080364177434,507,SYN,1h
2026-01-01 22:31:27.451879,125.65374889437531,125.65374889437531,124.46409174060004,125.45959951157437,977,SYN,1h
2026-01-01 23:31:27.451879,126.26521156576945,127.26530620068887,123.83503140242244,126.03886118901771,1875,SYN,1h
2026-01-02 00:31:27.451879,126.90651956962256,128.5037924872675,125.3280263611948,126.98433413344823,994,SYN,1h
2026-01-02 01:31:27.451879,126.50197355461209,126.7516584088485,124.4471367285989,126.55103758929698,1332,SYN,1h
2026-01-02 02:31:27.451879,126.94683890944064,126.94683890944064,125.60014940696416,126.91055957274126,1950,SYN,1h
2026-01-02 03:31:27.451879,127.04516390579272,128.18796237966504,125.57174119650146,127.00268699478072,1562,SYN,1h
2026-01-02 04:31:27.451879,127.28670864420921,127.76680793215344,125.81519850438481,127.20293987668629,1092,SYN,1h
2026-01-02 05:31:27.451879,126.54985120308046,127.41344064443904,125.777128578212,126.29597047001373,686,SYN,1h
2026-01-02 06:31:27.451879,126.38033680682297,126.62131190993243,125.00506282199075,126.40270341473996,1253,SYN,1h
2026-01-02 07:31:27.451879,127.00655835109981,129.28374723991777,126.83484645579449,127.10802833988227,592,SYN,1h
2026-01-02 08:31:27.451879,128.85084126214056,130.79896094793233,128.63136020404653,129.0288131851347,585,SYN,1h
2026-01-02 09:31:27.451879,130.2486939147283,132.44714615880704,129.32772577424464,130.34396623517478,1567,SYN,1h
2026-01-02 10:31:27.451879,133.22430256625452,135.18873736825518,131.4830085118284,133.22871603031646,636,SYN,1h
2026-01-02 11:31:27.451879,132.52372142088635,132.56323255626586,130.44002711917443,132.28632595440897,920,SYN,1h
2026-01-02 12:31:27.451879,133.45054738687006,134.4130023077599,132.76905384059756,133.51965867084152,573,SYN,1h
2026-01-02 13:31:27.451879,133.87452088803616,135.23642402366067,133.5645359730507,133.84456808630614,1679,SYN,1h
2026-01-02 14:31:27.451879,136.85355953636736,137.68462713992497,134.55192417998552,136.8558071050644,1778,SYN,1h
2026-01-02 15:31:27.451879,135.99313894642324,138.3120178017497,134.7370902953745,135.83171744708824,670,SYN,1h
2026-01-02 16:31:27.451879,135.11316915050932,135.68626625382453,133.4722521694695,134.772607877544,669,SYN,1h
2026-01-02 17:31:27.451879,133.97449369054326,134.69967838224042,131.88003577530787,134.0456543425794,1371,SYN,1h
2026-01-02 18:31:27.451879,131.2148386484681,134.11118644398314,129.65864982515976,131.27909181397982,821,SYN,1h
2026-01-02 19:31:27.451879,130.80409090244524,131.4591263242987,129.89349371002058,130.66765285143933,955,SYN,1h
2026-01-02 20:31:27.451879,129.8425908374036,130.7170118769567,129.71985005664868,129.7541126122693,1443,SYN,1h
2026-01-02 21:31:27.451879,130.2672292143187,130.41626868727832,129.66282175258357,130.02710720290284,1289,SYN,1h
2026-01-02 22:31:27.451879,130.6257304081947,132.24891560619568,129.49256553807874,130.5494988762207,1112,SYN,1h
2026-01-02 23:31:27.451879,133.02934663307877,135.15517496107933,132.51283180869945,133.07716020420455,1678,SYN,1h
2026-01-03 00:31:27.451879,134.50120044170848,134.50120044170848,133.78486015780723,134.42180355408888,1388,SYN,1h
2026-01-03 01:31:27.451879,133.87523591056157,134.73449524457416,133.7076457532309,133.72697233751046,848,SYN,1h
2026-01-03 02:31:27.451879,132.71458646624052,133.21573545640496,131.88138126221483,132.6057857818828,1974,SYN,1h
2026-01-03 03:31:27.451879,133.405301269713,134.24131236881544,133.32909923169217,133.33766253613985,1696,SYN,1h
2026-01-03 04:31:27.451879,131.79773254184167,134.30806826434318,131.0827631672832,131.6572970353943,509,SYN,1h
2026-01-03 05:31:27.451879,134.30439864865758,134.33069930964695,134.00050166492073,134.14754052105718,1239,SYN,1h
2026-01-03 06:31:27.451879,135.99793027444525,136.30636295797822,135.69021303086035,135.81021895923598,1788,SYN,1h
2026-01-03 07:31:27.451879,135.3422575524509,135.5043050651565,134.75405998031326,135.2545166101847,1961,SYN,1h
2026-01-03 08:31:27.451879,132.9963476846295,134.81050572132617,132.67433065277666,133.0185774939468,1770,SYN,1h
2026-01-03 09:31:27.451879,134.91908198583533,136.20999085715172,132.7427267244129,134.89929041364152,1166,SYN,1h
2026-01-03 10:31:27.451879,134.9883849853358,136.4441832023478,134.0694528844513,134.82571654940304,1045,SYN,1h
2026-01-03 11:31:27.451879,136.46393328831684,137.47266338144905,136.17195294999425,136.5755066915163,628,SYN,1h
2026-01-03 12:31:27.451879,134.52943347458,135.8877387063011,133.54259107368898,134.47985434170312,1100,SYN,1h
2026-01-03 13:31:27.451879,133.7018927588913,134.47230082165908,133.3080049950479,133.75450359647937,1104,SYN,1h
2026-01-03 14:31:27.451879,133.84561724114488,135.4287374105303,132.27163920411087,133.84176998316542,826,SYN,1h
2026-01-03 15:31:27.451879,134.15624801830057,134.94824397103184,133.4896897796174,133.98495470339867,1479,SYN,1h
2026-01-03 16:31:27.451879,133.48783018417262,134.79167406426396,133.31911772125454,133.4623256581236,903,SYN,1h
2026-01-03 17:31:27.451879,134.3799129081294,135.3906064166273,133.77205938047322,134.3736730585895,1128,SYN,1h
2026-01-03 18:31:27.451879,132.83880882601366,134.910984710519,130.9301217876261,133.01969647713938,1882,SYN,1h
2026-01-03 19:31:27.451879,133.00930018388462,134.9055398276026,131.41252759145226,132.91011553620464,1217,SYN,1h
2026-01-03 20:31:27.451879,133.23569272381718,133.57939405658865,131.56003854718602,133.14974666861966,1540,SYN,1h
2026-01-03 21:31:27.451879,134.20430193466407,134.25051257797875,133.72318883231566,133.91461052093504,773,SYN,1h
2026-01-03 22:31:27.451879,134.9063815483817,136.7402858889257,132.60992270073947,134.9479155796494,1184,SYN,1h
2026-01-03 23:31:27.451879,133.54046229227365,134.25383264682097,130.5321675946208,133.5112032683306,615,SYN,1h
2026-01-04 00:31:27.451879,131.57590040320525,132.14278458975295,130.70378353044026,131.54309570143252,1360,SYN,1h
2026-01-04 01:31:27.451879,133.5129960118923,136.18872415670967,132.6350779093741,133.30271720343836,1192,SYN,1h
2026-01-04 02:31:27.451879,133.8129294517217,134.6868751048179,131.41540463748387,133.82568244137698,1614,SYN,1h
2026-01-04 03:31:27.451879,132.94139379884808,134.13745016133734,132.1830737627782,132.90431063531315,1605,SYN,1h
2026-01-04 04:31:27.451879,135.12769481120657,135.12769481120657,133.98173375883795,135.0456010616686,823,SYN,1h
2026-01-04 05:31:27.451879,135.3080869399725,135.64620119550625,134.4429416525098,135.2828419274623,1460,SYN,1h
2026-01-04 06:31:27.451879,136.89825509872634,139.05277953920302,136.7291096156474,136.95939837799088,613,SYN,1h
2026-01-04 07:31:27.451879,137.1606632691443,137.83046264727267,136.4866500086129,137.13404692295092,1581,SYN,1h
2026-01-04 08:31:27.451879,140.1926682524155,140.79615666467987,137.27045711445882,140.0423143773761,653,SYN,1h
2026-01-04 09:31:27.451879,142.43819447497233,144.11378957169947,141.51815516128286,142.58455970697133,1927,SYN,1h
2026-01-04 10:31:27.451879,142.33404960378982,142.83450894477647,140.78845041903628,142.3151260078584,1789,SYN,1h
2026-01-04 11:31:27.451879,143.6825418901555,144.9898500839748,143.43921069149167,143.78320750656957,814,SYN,1h
2026-01-04 12:31:27.451879,144.97045934011888,146.31027642529986,141.79420148420377,144.79741967186303,1564,SYN,1h
2026-01-04 13:31:27.451879,146.64233687291642,149.75395138452052,145.51577754976782,146.8660413037878,604,SYN,1h
2026-01-04 14:31:27.451879,145.45567222255286,148.52955854092974,141.85451108255685,145.53701604040455,1716,SYN,1h
2026-01-04 15:31:27.451879,146.67810493362342,148.24035203678116,146.20344968354348,146.62279707341216,1924,SYN,1h
2026-01-04 16:31:27.451879,148.4947710997152,148.59069885203513,146.6303502730563,148.26266233918494,1801,SYN,1h
2026-01-04 17:31:27.451879,145.73448324002095,146.14750490875662,142.88989074518963,145.74406595040702,853,SYN,1h
2026-01-04 18:31:27.451879,144.02697519397978,144.54997784165914,142.33511649388936,144.10698332291386,1515,SYN,1h
2026-01-04 19:31:27.451879,141.5204939506594,142.40703927451497,140.55316018557068,141.25477153858736,1232,SYN,1h
2026-01-04 20:31:27.451879,140.75486383869702,142.17188899712212,140.30307754538595,140.9589743930065,1208,SYN,1h
2026-01-04 21:31:27.451879,141.74263862410817,142.8832805791966,141.74263862410817,142.05498998224874,1779,SYN,1h
2026-01-04 22:31:27.451879,144.33787895516332,144.51550997946833,140.459285740417,144.2743961360907,1150,SYN,1h
2026-01-04 23:31:27.451879,144.39532987110857,144.87609777966378,142.29655149234506,144.46786057079132,1323,SYN,1h
2026-01-05 00:31:27.451879,146.7573406981557,147.2727129089855,146.53460506618865,146.90736732274397,1446,SYN,1h
2026-01-05 01:31:27.451879,145.07073007100337,147.2981784185413,144.29003539537763,144.9680410244913,1160,SYN,1h
2026-01-05 02:31:27.451879,142.62042418171256,143.28572157917077,141.03748607960233,142.58566169561763,598,SYN,1h
2026-01-05 03:31:27.451879,142.51157693283002,143.63988704506224,142.45229389057323,142.5920100386066,1087,SYN,1h
2026-01-05 04:31:27.451879,143.04184001935516,144.17462498975175,142.7840058502088,143.2252118881361,781,SYN,1h
2026-01-05 05:31:27.451879,143.38931189880668,144.94548923408382,142.7032272365473,143.26431989303492,902,SYN,1h
2026-01-05 06:31:27.451879,140.47965230576608,140.6425048397137,140.01054869075847,140.38837162116633,1632,SYN,1h
2026-01-05 07:31:27.451879,140.33357138828208,142.1675615664725,139.86582872572495,140.3474904718789,1199,SYN,1h
2026-01-05 08:31:27.451879,138.8568543240312,139.15487989155875,137.7394044703062,138.6009087582324,698,SYN,1h
2026-01-05 09:31:27.451879,139.46284460900358,140.52161550173048,139.09622026674924,139.6122415418702,1826,SYN,1h
2026-01-05 10:31:27.451879,139.99393434955493,140.9489868672468,139.6791006555858,140.20782491562431,826,SYN,1h
2026-01-05 11:31:27.451879,138.87800725934704,139.78905910195368,138.87800725934704,138.97416460534248,653,SYN,1h
2026-01-05 12:31:27.451879,138.3371003237465,140.056489836004,136.78559056880889,138.3434068485538,1051,SYN,1h
2026-01-05 13:31:27.451879,136.99438884979998,136.99438884979998,136.89067143165917,136.9610608206812,904,SYN,1h
2026-01-05 14:31:27.451879,136.92435243941554,137.38036113878383,134.52909248171997,136.95739150063545,7688,SYN,1h
2026-01-05 15:31:27.451879,138.3964099985814,140.70267923488723,136.60186452101445,138.34770394281296,5048,SYN,1h
2026-01-05 16:31:27.451879,136.89543847966135,137.3969763330213,135.8255232721299,137.06698321290716,10320,SYN,1h
2026-01-05 17:31:27.451879,138.03911341991295,141.42626748564118,136.93895254959432,137.840104755645,1373,SYN,1h
2026-01-05 18:31:27.451879,137.18063068551265,137.96773459595462,136.3747021080754,137.19190116185902,583,SYN,1h
2026-01-05 19:31:27.451879,136.33861955312804,138.58437944309168,134.3146604200781,136.18645899017957,1922,SYN,1h
2026-01-05 20:31:27.451879,136.169062608427,137.14787677855028,133.21527879831336,136.12241000830713,1253,SYN,1h
2026-01-05 21:31:27.451879,134.8564546540143,135.30866866848996,130.56536207612388,134.79488665560888,1127,SYN,1h
2026-01-05 22:31:27.451879,134.20589521881163,135.8594112013235,132.7129892052743,134.12947263398996,1632,SYN,1h
2026-01-05 23:31:27.451879,132.66261062442675,133.4959033206144,132.30722097762958,132.60324301744177,720,SYN,1h
2026-01-06 00:31:27.451879,135.37504694316334,135.47540866792374,135.21382915861096,135.2880942058781,1052,SYN,1h
2026-01-06 01:31:27.451879,135.59696426402635,137.07488207963897,135.0302857612231,135.4169744498135,1891,SYN,1h
2026-01-06 02:31:27.451879,134.57711957863702,134.83191973096336,133.84950376400218,134.55067752210624,1670,SYN,1h
2026-01-06 03:31:27.451879,135.0149776526628,136.06683575601062,134.0487988713808,134.91931934827358,611,SYN,1h
2026-01-06 04:31:27.451879,134.8366179564062,135.63154713361604,134.09949319635794,134.84871869980248,1114,SYN,1h
2026-01-06 05:31:27.451879,134.82553861893604,135.42406609392285,134.5110493051626,134.63165325733573,1423,SYN,1h
2026-01-06 06:31:27.451879,135.4476172955289,137.8026718242087,135.27182392760415,135.53929503131462,974,SYN,1h
2026-01-06 07:31:27.451879,136.8934329365874,137.1866473624948,136.44062830127868,136.6473392183394,1335,SYN,1h
2026-01-06 08:31:27.451879,135.99895026067662,137.6308656448994,135.73932805866252,136.00441191913788,770,SYN,1h
2026-01-06 09:31:27.451879,135.10928836764464,135.90443655282763,133.7688528020705,135.30287635437745,920,SYN,1h
2026-01-06 10:31:27.451879,135.02920084360687,136.62750019109475,134.21053298315482,135.01190522248234,1206,SYN,1h
2026-01-06 11:31:27.451879,131.89515611090172,132.78986698349635,128.10417148926626,131.98504474438678,1890,SYN,1h
2026-01-06 12:31:27.451879,130.17374797718998,130.23871880718713,129.21131669353494,130.06441016982768,1803,SYN,1h
2026-01-06 13:31:27.451879,131.8341714408472,131.93964247516797,131.66336926402172,131.92026576964443,1806,SYN,1h
2026-01-06 14:31:27.451879,134.10959951663187,135.2225575659021,134.10959951663187,134.16946370858196,539,SYN,1h
2026-01-06 15:31:27.451879,133.66279564321346,134.78398522465827,133.39554733724557,133.9158350680932,688,SYN,1h
2026-01-06 16:31:27.451879,134.70732909362368,134.93128538724648,133.2533381994575,134.7682856408534,1687,SYN,1h
2026-01-06 17:31:27.451879,134.9407383147127,135.83610882798845,133.98690720541097,135.26861310957074,1493,SYN,1h
2026-01-06 18:31:27.451879,139.2935561825709,140.75271421933888,138.43625697240986,139.51453364633062,1035,SYN,1h
2026-01-06 19:31:27.451879,141.26755237716006,141.777729147539,140.58561621123386,141.16021208302766,1527,SYN,1h
2026-01-06 20:31:27.451879,141.17518784718476,142.08336195770312,139.69367831238588,141.06433946685172,789,SYN,1h
2026-01-06 21:31:27.451879,139.8605306740641,140.322275925729,137.87233056191604,139.8010512596602,932,SYN,1h
2026-01-06 22:31:27.451879,137.50600931776586,140.01608060155348,136.77649508020852,137.63910304677378,970,SYN,1h
2026-01-06 23:31:27.451879,137.99514778225065,138.55323689001077,136.8116141032164,138.00173203203585,1704,SYN,1h
2026-01-07 00:31:27.451879,137.04026224784522,137.3486655891833,135.73458617526458,137.04075594252552,1771,SYN,1h
2026-01-07 01:31:27.451879,135.01733247313206,136.4345326822617,134.4803555208335,135.17391316103777,1127,SYN,1h
2026-01-07 02:31:27.451879,134.58304783658187,136.28703397400344,133.40662852813352,134.38101963986557,778,SYN,1h
2026-01-07 03:31:27.451879,133.1249494420299,135.35027405627403,132.32169329435578,133.00825301649786,1376,SYN,1h
2026-01-07 04:31:27.451879,135.3021920383386,137.3967982449343,134.46396509743707,135.33209558303176,1080,SYN,1h
2026-01-07 05:31:27.451879,136.61010917760905,138.331207549186,136.01640240267167,136.60643639895443,1362,SYN,1h
2026-01-07 06:31:27.451879,136.70599036273794,137.43177508728374,135.58352931776705,136.6775091196043,753,SYN,1h
2026-01-07 07:31:27.451879,138.49890981802332,142.33259335841947,137.7354438076196,138.78226641047254,680,SYN,1h
2026-01-07 08:31:27.451879,138.93855830120316,139.75706056444596,137.3206417602224,138.9729092611556,1180,SYN,1h
2026-01-07 09:31:27.451879,137.76532339591708,138.1137625060587,136.88287827700032,137.8593412951197,1324,SYN,1h
2026-01-07 10:31:27.451879,139.9015570250648,142.20142465211285,139.5496512336269,140.04182571992808,1199,SYN,1h
2026-01-07 11:31:27.451879,140.84094871557858,143.70674497948107,139.37291673496628,140.8805502795241,1065,SYN,1h
2026-01-07 12:31:27.451879,139.7545846223621,142.37967635698132,139.4668023551254,139.5038005197235,1849,SYN,1h
2026-01-07 13:31:27.451879,139.41125660213504,141.00549278511002,138.0933279458001,139.3219731102497,1880,SYN,1h
2026-01-07 14:31:27.451879,138.10670893366182,139.60074499798384,137.96030254263746,138.1856376665867,1179,SYN,1h
2026-01-07 15:31:27.451879,136.43579450497592,137.16567465227567,135.34198617236885,136.35771842330175,890,SYN,1h
